{
  "下田市 箕作": [
    34.6680894,
    138.9354711
  ],
  "下田市 伊豆白浜南風台別荘地": null,
  "下田市 白浜": [
    34.697857,
    138.972447
  ],
  "下田市 吉佐美苑": null,
  "下田市 パレスサイドヴィラ": null,
  "下田市 吉佐美": [
    34.6674506,
    138.93506
  ],
  "下田市 1丁目": [
    34.6770783,
    138.9440626
  ],
  "下田市 武ガ浜": [
    34.672998,
    138.940711
  ],
  "下田市 河内": [
    34.6989879,
    138.9408639
  ],
  "下田市 田牛": null,
  "下田市 碁石が浜分譲地": null,
  "下田市 柿崎": [
    34.6600145,
    138.982519
  ],
  "下田市 5丁目": [
    34.6680894,
    138.9354711
  ],
  "下田市 笹峯台": null,
  "下田市 太陽苑": null,
  "下田市 須崎": [
    34.6600145,
    138.982519
  ],
  "下田市 蓮台寺": null,
  "下田市 東中": [
    34.679497,
    138.945365
  ],
  "下田市 6丁目": [
    34.681608,
    138.929311
  ],
  "下田市 リゾート129 碁石が浜パートII": null,
  "下田市 リゾート129 碁石が浜パートＩ": null,
  "下田市 リゾート129 碁石が浜パートV": null,
  "下田市 リゾート129 碁石が浜パートIII": null,
  "河津町 見高": null,
  "河津町 桜坂温泉別荘地": null,
  "河津町 果樹園別荘地": null,
  "河津町 縄地": null,
  "河津町 小田急今井浜別荘分譲地": null,
  "河津町 峰": [
    34.757074,
    138.987474
  ],
  "東伊豆町 大林熱川別荘地": null,
  "東伊豆町 熱川台": null,
  "東伊豆町 白田": null,
  "東伊豆町 奈良本": [
    34.8146187,
    139.0687238
  ],
  "東伊豆町 片瀬": [
    34.8146187,
    139.0687238
  ],
  "東伊豆町 熱川サンシティ希望ヶ丘": null,
  "東伊豆町 稲取": [
    34.7892196,
    139.0428215
  ],
  "東伊豆町 ライオンズマンション片瀬白田": null,
  "東伊豆町 コートヴィラ熱川": null,
  "東伊豆町 パークヴィラあたがわ壱番館": null,
  "東伊豆町 エリゼ熱川": null,
  "南伊豆町 子浦": null,
  "南伊豆町 入間": null,
  "南伊豆町 南伊豆マリンパーク": null,
  "南伊豆町 湯之元リゾートハイツ": null,
  "南伊豆町 伊浜": null,
  "南伊豆町 湊": [
    34.6487025,
    138.8862298
  ],
  "南伊豆町 下賀茂": [
    34.656949,
    138.861873
  ],
  "南伊豆町 弓ヶ浜": null,
  "南伊豆町 下小野": null,
  "南伊豆町 理光ヘルスケアマンション": null,
  "下田市吉佐美 売倉庫": null,
  "東伊豆町奈良本 戸建": null
}